ID,cluster-category-oor,cluster-category-bw
2,low-returns_fast-reframe,low-returns_fast-reframe
6,low-returns_fast-reframe,low-returns_fast-reframe
12,low-returns_fast-reframe,low-returns_slow-reframe
13,low-returns_fast-reframe,low-returns_fast-reframe
22,low-returns_fast-reframe,low-returns_fast-reframe
23,low-returns_fast-reframe,low-returns_slow-reframe
24,low-returns_fast-reframe,low-returns_fast-reframe
26,low-returns_fast-reframe,low-returns_slow-reframe
27,low-returns_fast-reframe,low-returns_fast-reframe
29,low-returns_fast-reframe,low-returns_fast-reframe
34,low-returns_fast-reframe,low-returns_fast-reframe
35,low-returns_fast-reframe,low-returns_fast-reframe
37,low-returns_fast-reframe,low-returns_fast-reframe
38,low-returns_fast-reframe,low-returns_fast-reframe
41,low-returns_fast-reframe,low-returns_fast-reframe
42,low-returns_fast-reframe,low-returns_slow-reframe
44,low-returns_fast-reframe,low-returns_fast-reframe
46,low-returns_fast-reframe,low-returns_slow-reframe
48,low-returns_slow-reframe,high-returns_fast-reframe
51,low-returns_fast-reframe,low-returns_fast-reframe
53,low-returns_fast-reframe,low-returns_slow-reframe
62,low-returns_fast-reframe,low-returns_fast-reframe
63,low-returns_slow-reframe,low-returns_slow-reframe
67,low-returns_fast-reframe,low-returns_slow-reframe
70,low-returns_fast-reframe,low-returns_fast-reframe
71,low-returns_fast-reframe,low-returns_slow-reframe
72,low-returns_fast-reframe,high-returns_fast-reframe
73,low-returns_fast-reframe,low-returns_fast-reframe
74,low-returns_fast-reframe,low-returns_fast-reframe
76,low-returns_fast-reframe,high-returns_fast-reframe
80,low-returns_fast-reframe,low-returns_fast-reframe
81,low-returns_fast-reframe,low-returns_fast-reframe
83,low-returns_fast-reframe,low-returns_fast-reframe
84,low-returns_fast-reframe,low-returns_fast-reframe
85,low-returns_fast-reframe,low-returns_fast-reframe
87,low-returns_fast-reframe,low-returns_slow-reframe
90,high-returns_fast-reframe,low-returns_fast-reframe
91,low-returns_fast-reframe,low-returns_fast-reframe
98,low-returns_fast-reframe,low-returns_fast-reframe
99,low-returns_fast-reframe,low-returns_fast-reframe
100,low-returns_slow-reframe,low-returns_slow-reframe
102,low-returns_fast-reframe,low-returns_slow-reframe
103,low-returns_slow-reframe,low-returns_slow-reframe
105,low-returns_fast-reframe,low-returns_fast-reframe
109,low-returns_fast-reframe,low-returns_fast-reframe
117,low-returns_slow-reframe,low-returns_fast-reframe
118,low-returns_fast-reframe,low-returns_fast-reframe
121,low-returns_fast-reframe,low-returns_slow-reframe
123,low-returns_fast-reframe,low-returns_slow-reframe
126,low-returns_fast-reframe,low-returns_fast-reframe
134,low-returns_fast-reframe,low-returns_fast-reframe
135,low-returns_fast-reframe,low-returns_fast-reframe
136,low-returns_fast-reframe,low-returns_fast-reframe
137,low-returns_fast-reframe,low-returns_slow-reframe
141,low-returns_fast-reframe,low-returns_fast-reframe
142,low-returns_slow-reframe,low-returns_fast-reframe
143,low-returns_fast-reframe,low-returns_fast-reframe
145,low-returns_fast-reframe,low-returns_slow-reframe
147,low-returns_slow-reframe,low-returns_slow-reframe
149,low-returns_fast-reframe,low-returns_fast-reframe
150,low-returns_fast-reframe,low-returns_fast-reframe
151,low-returns_fast-reframe,high-returns_fast-reframe
152,low-returns_slow-reframe,low-returns_fast-reframe
154,low-returns_fast-reframe,low-returns_fast-reframe
156,low-returns_fast-reframe,low-returns_fast-reframe
158,low-returns_fast-reframe,low-returns_fast-reframe
162,low-returns_fast-reframe,low-returns_fast-reframe
166,low-returns_slow-reframe,low-returns_fast-reframe
173,low-returns_fast-reframe,low-returns_fast-reframe
174,high-returns_fast-reframe,low-returns_slow-reframe
175,low-returns_fast-reframe,low-returns_fast-reframe
176,low-returns_fast-reframe,high-returns_fast-reframe
181,low-returns_fast-reframe,high-returns_fast-reframe
182,low-returns_fast-reframe,low-returns_fast-reframe
183,low-returns_fast-reframe,low-returns_fast-reframe
184,low-returns_fast-reframe,low-returns_slow-reframe
185,low-returns_fast-reframe,low-returns_fast-reframe
190,high-returns_fast-reframe,low-returns_fast-reframe
191,low-returns_fast-reframe,low-returns_fast-reframe
192,low-returns_fast-reframe,low-returns_fast-reframe
193,low-returns_fast-reframe,low-returns_fast-reframe
194,high-returns_fast-reframe,low-returns_fast-reframe
195,low-returns_fast-reframe,low-returns_fast-reframe
196,low-returns_fast-reframe,low-returns_fast-reframe
197,low-returns_fast-reframe,low-returns_fast-reframe
198,low-returns_fast-reframe,low-returns_fast-reframe
199,low-returns_fast-reframe,low-returns_fast-reframe
200,high-returns_fast-reframe,high-returns_fast-reframe
202,high-returns_fast-reframe,low-returns_fast-reframe
204,low-returns_fast-reframe,low-returns_fast-reframe
205,low-returns_fast-reframe,low-returns_slow-reframe
207,low-returns_fast-reframe,low-returns_slow-reframe
208,low-returns_fast-reframe,high-returns_fast-reframe
209,low-returns_slow-reframe,low-returns_fast-reframe
210,high-returns_fast-reframe,low-returns_fast-reframe
212,low-returns_fast-reframe,low-returns_slow-reframe
213,low-returns_fast-reframe,low-returns_fast-reframe
215,low-returns_fast-reframe,low-returns_slow-reframe
217,low-returns_fast-reframe,low-returns_fast-reframe
219,low-returns_fast-reframe,low-returns_fast-reframe
220,low-returns_fast-reframe,low-returns_fast-reframe
221,low-returns_fast-reframe,low-returns_fast-reframe
222,low-returns_fast-reframe,low-returns_slow-reframe
223,low-returns_fast-reframe,low-returns_fast-reframe
225,low-returns_fast-reframe,low-returns_slow-reframe
226,low-returns_fast-reframe,low-returns_fast-reframe
227,low-returns_slow-reframe,low-returns_fast-reframe
229,low-returns_fast-reframe,low-returns_fast-reframe
230,low-returns_fast-reframe,low-returns_fast-reframe
232,low-returns_fast-reframe,low-returns_slow-reframe
235,low-returns_slow-reframe,low-returns_fast-reframe
236,low-returns_fast-reframe,low-returns_slow-reframe
237,low-returns_fast-reframe,low-returns_slow-reframe
238,low-returns_fast-reframe,low-returns_fast-reframe
239,low-returns_fast-reframe,low-returns_fast-reframe
240,low-returns_fast-reframe,low-returns_fast-reframe
241,high-returns_fast-reframe,low-returns_fast-reframe
242,low-returns_fast-reframe,low-returns_slow-reframe
243,high-returns_fast-reframe,low-returns_fast-reframe
244,low-returns_fast-reframe,high-returns_fast-reframe
246,low-returns_fast-reframe,low-returns_fast-reframe
248,low-returns_fast-reframe,low-returns_fast-reframe
251,low-returns_fast-reframe,low-returns_fast-reframe
252,low-returns_fast-reframe,high-returns_fast-reframe
255,low-returns_fast-reframe,high-returns_fast-reframe
257,low-returns_fast-reframe,high-returns_fast-reframe
